物件都道府県,物件住所,物件緯度,物件経度,システムID,案件管理ID,案件名,案件フロー,役割:営業,役割:工事
北海道,札幌市中央区北5条西2丁目,43.068661,141.350755,100001,K001,佐藤様邸,着工前,307901:岡崎 花子,307924:髙橋 光
北海道,旭川市宮下通8丁目,43.762849,142.358666,100002,K002,旭川倉庫外壁工事,進行中,307902:西村 太郎,307925:船木 一郎
北海道,函館市若松町12,41.773709,140.726413,100003,K003,函館港設備更新,調整中,307903:安楽 健,307926:伊藤 誠
北海道,帯広市西2条南12丁目,,,100004,K004,帯広事務所内装,完了,未定,307927:野口 大輔
北海道,小樽市稲穂2丁目,43.197188,140.994849,100005,K005,小樽店舗改修,進行中,307904:佐孝 美咲,
